arch_name,dataset_name,depth,width,num_params,connectivity,alpha,D_max,R2,t0,num_jumps,final_accuracy
mlp_shallow_2,cifar10,2,96.0,402250,122.86194257788638,0.00020408163265306129,1.9508377015629779,-5.646452678729172e+19,2.6046410294215543e-08,0,0.115
cnn_shallow,cifar10,3,48.0,60362,553.7798165137615,0.00020408163265306129,1.9508377014317708,-5.545922636515257e+16,2.605445348733419e-08,0,0.095
mlp_shallow_2,mnist,2,96.0,109386,110.93914807302231,0.00020408163265306129,1.9508377015496643,-9.123894564298488e+18,2.6051249955350173e-08,0,0.08403361344537816
