{
  "arch_name": "mlp_shallow_2",
  "dataset_name": "cifar10",
  "architecture_params": {
    "depth": 2,
    "width": 96.0,
    "min_width": 64,
    "max_width": 128,
    "num_params": 402250,
    "connectivity": 122.86194257788638
  },
  "tap_parameters": {
    "alpha": 0.00020408163265306129,
    "D_max": 1.9508377015629779,
    "R2": -5.646452678729172e+19,
    "t0": 2.6046410294215543e-08,
    "predictions": [
      0.9754188507788963,
      0.9764141757913818,
      0.9774094987311406,
      0.9784048175254636,
      0.9794001301016759,
      0.9803954343871547,
      0.9813907283093463,
      0.9823860097957827,
      0.9833812767741004,
      0.9843765271720558,
      0.985371758917544,
      0.9863669699386156,
      0.9873621581634932,
      0.9883573215205893,
      0.9893524579385244,
      0.9903475653461422,
      0.9913426416725288,
      0.9923376848470286,
      0.9933326927992622,
      0.9943276634591436,
      0.995322594756897,
      0.9963174846230748,
      0.9973123309885736,
      0.9983071317846528,
      0.9993018849429504,
      1.0002965883955017,
      1.001291240074755,
      1.0022858379135895,
      1.0032803798453327,
      1.0042748638037775,
      1.0052692877231983,
      1.0062636495383697,
      1.0072579471845824,
      1.0082521785976613,
      1.0092463417139816,
      1.010240434470487,
      1.0112344548047056,
      1.012228400654768,
      1.0132222699594242,
      1.01421606065806,
      1.0152097706907144,
      1.0162033979980976,
      1.0171969405216061,
      1.0181903962033414,
      1.0191837629861265,
      1.0201770388135223,
      1.0211702216298453,
      1.0221633093801843,
      1.0231563000104174,
      1.024149191467229
    ],
    "method": "logistic"
  },
  "jumps": [],
  "num_jumps": 0,
  "final_accuracy": 0.115,
  "curves": {
    "steps": [
      0,
      10,
      20,
      30,
      40,
      50,
      60,
      70,
      80,
      90,
      100,
      110,
      120,
      130,
      140,
      150,
      160,
      170,
      180,
      190,
      200,
      210,
      220,
      230,
      240,
      250,
      260,
      270,
      280,
      290,
      300,
      310,
      320,
      330,
      340,
      350,
      360,
      370,
      380,
      390,
      400,
      410,
      420,
      430,
      440,
      450,
      460,
      470,
      480,
      490
    ],
    "dimensionality": [
      0.9999999999998573,
      0.9999999999994366,
      0.9999999999996779,
      0.9999999999994262,
      0.9999999999993614,
      0.9999999999995252,
      0.9999999999991728,
      0.9999999999994523,
      0.9999999999997317,
      0.9999999999990731,
      0.9999999999995679,
      0.9999999999978115,
      0.9999999999990257,
      0.9999999999986665,
      0.9999999999961547,
      0.9999999999987,
      0.9999999999987733,
      0.999999999998547,
      0.9999999999978412,
      0.9999999999968283,
      0.9999999999989037,
      0.9999999999976183,
      0.9999999999984232,
      0.9999999999975876,
      0.9999999999978292,
      0.9999999999988735,
      0.9999999999973633,
      0.9999999999975726,
      0.9999999999945407,
      0.9999999999941794,
      0.9999999999967158,
      0.9999999999914756,
      0.9999999999965515,
      0.9999999999950325,
      0.9999999999945964,
      0.9999999999960306,
      0.9999999999941175,
      0.9999999999964672,
      0.9999999999986828,
      0.9999999999983001,
      0.9999999999981476,
      0.9999999999992291,
      0.9999999999989978,
      0.9999999999977977,
      0.9999999999968038,
      0.9999999999960633,
      0.9999999999953374,
      0.9999999999950989,
      0.9999999999944782,
      0.999999999994868
    ],
    "grad_norms": [
      0.8302728967853855,
      0.924838030392958,
      0.8928769468431862,
      0.7336884790173569,
      1.0064146550694644,
      0.48207067214727084,
      0.5757446140913056,
      0.38931935475387097,
      0.5726751226221262,
      0.5839389972409433,
      0.9062741464188607,
      0.5530844072676951,
      0.7466413183426204,
      0.442165074503437,
      0.3203989121053727,
      0.6429555436567035,
      0.45631717277975087,
      0.5024396903099174,
      0.30691398308882945,
      0.25277492444787836,
      0.4712933660680484,
      0.4259091231487552,
      0.3919077399046812,
      0.5102171836636089,
      0.32155489286448946,
      0.4145643048360019,
      0.6096537830631346,
      0.38648032917190894,
      0.1788260791301527,
      0.2554572432505601,
      0.1969974874147815,
      0.14692672612647995,
      0.31031461717313236,
      0.3381876136055218,
      0.3299714253176692,
      0.3358694576662386,
      0.37120450768152136,
      0.346559738989033,
      0.24103549527272772,
      0.5013196755352785,
      0.5385167535183866,
      0.3223976646412911,
      0.3512431397004833,
      0.4624392416439504,
      0.2409687117697081,
      0.23327137883294297,
      0.15552218571570245,
      0.30791349596264955,
      0.128363370584481,
      0.19760903098178814
    ],
    "losses": [
      2.304144859313965,
      2.321038007736206,
      2.2761452198028564,
      2.298788547515869,
      2.325092077255249,
      2.2982370853424072,
      2.280341386795044,
      2.315434455871582,
      2.3144092559814453,
      2.3156135082244873,
      2.3156838417053223,
      2.3109078407287598,
      2.2904462814331055,
      2.2967910766601562,
      2.3100709915161133,
      2.312926769256592,
      2.308509349822998,
      2.290220260620117,
      2.313912868499756,
      2.304687261581421,
      2.306579113006592,
      2.3182051181793213,
      2.302288293838501,
      2.302931547164917,
      2.312096118927002,
      2.319193124771118,
      2.2914023399353027,
      2.3103392124176025,
      2.3031980991363525,
      2.2987723350524902,
      2.2915923595428467,
      2.300323486328125,
      2.3133888244628906,
      2.305042266845703,
      2.303933620452881,
      2.303514242172241,
      2.3099958896636963,
      2.3048853874206543,
      2.2889482975006104,
      2.297959327697754,
      2.302661895751953,
      2.2925333976745605,
      2.3105263710021973,
      2.2931411266326904,
      2.3043503761291504,
      2.303239583969116,
      2.297652244567871,
      2.3080942630767822,
      2.309563636779785,
      2.301358699798584
    ]
  }
}