{
  "arch_name": "cnn_shallow",
  "dataset_name": "cifar10",
  "architecture_params": {
    "depth": 3,
    "width": 48.0,
    "min_width": 32,
    "max_width": 64,
    "num_params": 60362,
    "connectivity": 553.7798165137615
  },
  "tap_parameters": {
    "alpha": 0.00020408163265306129,
    "D_max": 1.9508377014317708,
    "R2": -5.545922636515257e+16,
    "t0": 2.605445348733419e-08,
    "predictions": [
      0.975418850713292,
      0.9764141757257104,
      0.9774094986654023,
      0.9784048174596583,
      0.9794001300358038,
      0.9803954343212157,
      0.9813907282433403,
      0.9823860097297099,
      0.9833812767079604,
      0.9843765271058489,
      0.9853717588512704,
      0.9863669698722748,
      0.9873621580970854,
      0.9883573214541148,
      0.9893524578719829,
      0.9903475652795338,
      0.9913426416058534,
      0.9923376847802863,
      0.9933326927324531,
      0.9943276633922674,
      0.9953225946899541,
      0.9963174845560648,
      0.9973123309214967,
      0.9983071317175091,
      0.9993018848757399,
      1.0002965883282242,
      1.0012912400074105,
      1.002285837846178,
      1.0032803797778547,
      1.0042748637362324,
      1.0052692876555864,
      1.0062636494706907,
      1.0072579471168368,
      1.0082521785298486,
      1.0092463416461022,
      1.0102404344025406,
      1.0112344547366923,
      1.0122284005866882,
      1.0132222698912774,
      1.014216060589846,
      1.015209770622434,
      1.0162033979297502,
      1.0171969404531918,
      1.0181903961348604,
      1.0191837629175786,
      1.0201770387449076,
      1.0211702215611638,
      1.022163309311436,
      1.0231562999416024,
      1.0241491913983471
    ],
    "method": "logistic"
  },
  "jumps": [],
  "num_jumps": 0,
  "final_accuracy": 0.095,
  "curves": {
    "steps": [
      0,
      10,
      20,
      30,
      40,
      50,
      60,
      70,
      80,
      90,
      100,
      110,
      120,
      130,
      140,
      150,
      160,
      170,
      180,
      190,
      200,
      210,
      220,
      230,
      240,
      250,
      260,
      270,
      280,
      290,
      300,
      310,
      320,
      330,
      340,
      350,
      360,
      370,
      380,
      390,
      400,
      410,
      420,
      430,
      440,
      450,
      460,
      470,
      480,
      490
    ],
    "dimensionality": [
      0.9999999999998771,
      0.9999999999881215,
      0.9999999999764947,
      0.9999999999847616,
      0.999999999971689,
      0.9999999999820318,
      0.9999999999731237,
      0.9999999999181243,
      0.9999999998829904,
      0.9999999998599941,
      0.9999999998209109,
      0.9999999998872607,
      0.999999999957787,
      0.9999999998804521,
      0.9999999998072262,
      0.9999999997801466,
      0.9999999997851682,
      0.9999999997824732,
      0.9999999998010313,
      0.9999999998448938,
      0.9999999998655128,
      0.9999999998924021,
      0.9999999998755609,
      0.9999999998741252,
      0.9999999998965031,
      0.9999999998996888,
      0.9999999999197192,
      0.9999999999993158,
      0.999999999982902,
      0.999999999976713,
      0.9999999999576877,
      0.9999999999038005,
      0.9999999999793241,
      0.9999999999383816,
      0.9999999999337322,
      0.9999999999685082,
      0.9999999999897109,
      0.9999999999645506,
      0.9999999999577617,
      0.9999999999624114,
      0.9999999999729879,
      0.9999999999672423,
      0.9999999999382364,
      0.9999999999411188,
      0.9999999999581873,
      0.9999999999634016,
      0.9999999999315285,
      0.9999999999187187,
      0.9999999999207513,
      0.9999999999404237
    ],
    "grad_norms": [
      1.1683768479201602,
      0.23287926917685023,
      0.23765829639684005,
      0.22355767435499774,
      0.10274223017180938,
      0.17555066622502236,
      0.10257976992565772,
      0.09717449904336191,
      0.07725193274502415,
      0.11011423048913235,
      0.17037787829172782,
      0.08160923806392754,
      0.11786523988082855,
      0.1857523384361206,
      0.11138596255369441,
      0.09287180845309137,
      0.08617738325166423,
      0.11703042429724726,
      0.15975125558982678,
      0.13265139500405773,
      0.12064701360797611,
      0.1408924018570125,
      0.1349227243990922,
      0.11055404595984156,
      0.11098855428128034,
      0.10311619079715385,
      0.13620446293166402,
      0.3080873411595317,
      0.10649059590646053,
      0.14165508907253282,
      0.12856868268043511,
      0.08370192876885785,
      0.1787245481576483,
      0.08703022811651162,
      0.14819362365981986,
      0.14048418707296942,
      0.1896917172255374,
      0.10436572090862115,
      0.07915396206316226,
      0.13777741703155796,
      0.14668896688240923,
      0.07126507302715795,
      0.10820417513786904,
      0.10584459690053134,
      0.10637870824706158,
      0.1041862978495128,
      0.12424361361883976,
      0.20566182441401776,
      0.17578279415676398,
      0.15063526606233946
    ],
    "losses": [
      2.3012638092041016,
      2.3065147399902344,
      2.308960437774658,
      2.2970407009124756,
      2.3016281127929688,
      2.301856756210327,
      2.300438642501831,
      2.3028886318206787,
      2.302340030670166,
      2.303007125854492,
      2.3043155670166016,
      2.302670955657959,
      2.3052079677581787,
      2.3037445545196533,
      2.302722930908203,
      2.3009870052337646,
      2.3024401664733887,
      2.3019192218780518,
      2.3017523288726807,
      2.3011906147003174,
      2.302985191345215,
      2.303926706314087,
      2.302933692932129,
      2.3016600608825684,
      2.3033037185668945,
      2.302154302597046,
      2.3022725582122803,
      2.2844274044036865,
      2.2999954223632812,
      2.3005480766296387,
      2.30283784866333,
      2.3026325702667236,
      2.3038127422332764,
      2.302920341491699,
      2.298778533935547,
      2.2971746921539307,
      2.305821418762207,
      2.304677724838257,
      2.30002760887146,
      2.2996857166290283,
      2.3019983768463135,
      2.299842596054077,
      2.3020474910736084,
      2.30188250541687,
      2.3029651641845703,
      2.303548574447632,
      2.302969217300415,
      2.299550771713257,
      2.30442214012146,
      2.3024790287017822
    ]
  }
}