{
  "arch_name": "mlp_shallow_2",
  "dataset_name": "mnist",
  "architecture_params": {
    "depth": 2,
    "width": 96.0,
    "min_width": 64,
    "max_width": 128,
    "num_params": 109386,
    "connectivity": 110.93914807302231
  },
  "tap_parameters": {
    "alpha": 0.00020408163265306129,
    "D_max": 1.9508377015496643,
    "R2": -9.123894564298488e+18,
    "t0": 2.6051249955350173e-08,
    "predictions": [
      0.9754188507722392,
      0.9764141757847177,
      0.9774094987244697,
      0.9784048175187858,
      0.9794001300949915,
      0.9803954343804635,
      0.9813907283026483,
      0.982386009789078,
      0.9833812767673887,
      0.9843765271653374,
      0.9853717589108189,
      0.9863669699318837,
      0.9873621581567542,
      0.9883573215138438,
      0.9893524579317721,
      0.9903475653393832,
      0.9913426416657628,
      0.9923376848402559,
      0.9933326927924826,
      0.9943276634523572,
      0.995322594750104,
      0.996317484616275,
      0.997312330981767,
      0.9983071317778394,
      0.9993018849361301,
      1.0002965883886745,
      1.001291240067921,
      1.0022858379067487,
      1.0032803798384853,
      1.0042748637969232,
      1.0052692877163374,
      1.0062636495315018,
      1.007257947177708,
      1.0082521785907799,
      1.0092463417070936,
      1.010240434463592,
      1.0112344547978038,
      1.0122284006478595,
      1.0132222699525089,
      1.014216060651138,
      1.0152097706837857,
      1.016203397991162,
      1.0171969405146637,
      1.0181903961963923,
      1.0191837629791707,
      1.0201770388065596,
      1.0211702216228757,
      1.0221633093732079,
      1.0231563000034343,
      1.0241491914602392
    ],
    "method": "logistic"
  },
  "jumps": [],
  "num_jumps": 0,
  "final_accuracy": 0.08403361344537816,
  "curves": {
    "steps": [
      0,
      10,
      20,
      30,
      40,
      50,
      60,
      70,
      80,
      90,
      100,
      110,
      120,
      130,
      140,
      150,
      160,
      170,
      180,
      190,
      200,
      210,
      220,
      230,
      240,
      250,
      260,
      270,
      280,
      290,
      300,
      310,
      320,
      330,
      340,
      350,
      360,
      370,
      380,
      390,
      400,
      410,
      420,
      430,
      440,
      450,
      460,
      470,
      480,
      490
    ],
    "dimensionality": [
      0.9999999999978938,
      0.9999999999995675,
      0.9999999999987108,
      0.9999999999990408,
      0.9999999999958386,
      0.999999999996619,
      0.999999999998456,
      0.9999999999986117,
      0.9999999999970446,
      0.9999999999944063,
      0.9999999999980961,
      0.9999999999988524,
      0.9999999999973448,
      0.9999999999922841,
      0.9999999999967623,
      0.9999999999973647,
      0.9999999999952397,
      0.9999999999954213,
      0.9999999999977535,
      0.9999999999991037,
      0.9999999999975797,
      0.9999999999969368,
      0.9999999999940447,
      0.9999999999915108,
      0.9999999999921506,
      0.9999999999754942,
      0.9999999999961852,
      0.9999999999952348,
      0.9999999999763208,
      0.9999999999936745,
      0.99999999999545,
      0.9999999999915742,
      0.999999999997808,
      0.9999999999986809,
      0.9999999999972341,
      0.99999999999376,
      0.9999999999926471,
      0.9999999999908423,
      0.999999999988269,
      0.999999999997497,
      0.9999999999987708,
      0.9999999999907067,
      0.9999999999909397,
      0.9999999999980694,
      0.999999999997993,
      0.999999999996697,
      0.9999999999939854,
      0.9999999999952344,
      0.9999999999979595,
      0.9999999999978582
    ],
    "grad_norms": [
      0.28131842499120174,
      0.6610493578663964,
      0.4768107381478084,
      0.45700905480745924,
      0.33314105805002037,
      0.31935430447236757,
      0.19958554052123642,
      0.42244466008040493,
      0.25633370289236257,
      0.3407976361426226,
      0.22736820258702142,
      0.4305806939030595,
      0.43420596409869405,
      0.3368368971184042,
      0.35429116172149905,
      0.21098122940020553,
      0.2663059765867293,
      0.2695445110536521,
      0.2870631099384433,
      0.25664023497358485,
      0.2912422489506226,
      0.20859651797209366,
      0.17205781227920186,
      0.13542121067380583,
      0.10229309163964019,
      0.1782142182224735,
      0.25981045067067704,
      0.2356551762951309,
      0.11375691611010605,
      0.15085146244943806,
      0.10884292888862905,
      0.24694891666418345,
      0.2635675072630125,
      0.2929423066732505,
      0.11714309960327067,
      0.1746093558627139,
      0.23149328723279494,
      0.09206123704086129,
      0.21916729023955017,
      0.2476084129967999,
      0.23089074572538268,
      0.21209727106015053,
      0.20599447578253902,
      0.19907672656870926,
      0.20275020098071894,
      0.24878293392904693,
      0.2094205031063991,
      0.5411868631278959,
      0.27362356566922813,
      0.44714655178243407
    ],
    "losses": [
      2.3065669536590576,
      2.3433144092559814,
      2.3043344020843506,
      2.32291579246521,
      2.307861566543579,
      2.308931827545166,
      2.307499647140503,
      2.321204423904419,
      2.3080146312713623,
      2.295679807662964,
      2.292249917984009,
      2.3171470165252686,
      2.3173165321350098,
      2.3050081729888916,
      2.3206067085266113,
      2.3012003898620605,
      2.294978618621826,
      2.2990055084228516,
      2.31329345703125,
      2.3041470050811768,
      2.298539400100708,
      2.292119264602661,
      2.302109956741333,
      2.3012771606445312,
      2.3025245666503906,
      2.303116798400879,
      2.294595241546631,
      2.3042733669281006,
      2.3016421794891357,
      2.304466485977173,
      2.2992491722106934,
      2.31185245513916,
      2.311400890350342,
      2.31697940826416,
      2.2962112426757812,
      2.2966694831848145,
      2.308196783065796,
      2.3056774139404297,
      2.309006690979004,
      2.2958619594573975,
      2.3023455142974854,
      2.3091938495635986,
      2.298314332962036,
      2.304699182510376,
      2.3054075241088867,
      2.298441171646118,
      2.3093957901000977,
      2.288576602935791,
      2.3055927753448486,
      2.32625675201416
    ]
  }
}