jump_num,coordination_score,num_layers_changing,total_layers,mean_change
1,0.0,0,14,5.3704342560325e-12
2,0.0,0,14,6.594296537392503e-12
3,0.0,0,14,6.658491218709222e-12
4,0.0,0,14,9.561367570703234e-12
5,0.0,0,14,9.561367570703234e-12
