experiment,type,step,layer,dim_before,dim_during,dim_after,dim_change,loss_before,loss_after,loss_change,coordination
MLP,"Type 5 (early, large)",0,network.0,0.9999999999999746,0.9999999999999746,0.9999999999999941,1.9539925233402755e-14,2.326368808746338,2.264045476913452,-0.06232333183288574,0.0
MLP,"Type 5 (early, large)",0,network.2,0.9999999999998713,0.9999999999998713,0.999999999999978,1.0669243266647754e-13,2.326368808746338,2.264045476913452,-0.06232333183288574,0.0
MLP,"Type 3 (mid, moderate)",1,network.0,0.9999999999999746,0.9999999999999746,0.9999999999999941,1.9539925233402755e-14,2.326368808746338,2.264045476913452,-0.06232333183288574,0.0
MLP,"Type 4 (late, large)",3,network.6,0.9999999999993008,0.9999999999993008,0.9999999999997548,4.539701947692265e-13,2.326368808746338,2.264045476913452,-0.06232333183288574,0.0
MLP,"Type 4 (late, large)",4,network.8,0.9999999999975463,0.9999999999975463,0.9999999999986663,1.119992987241858e-12,2.326368808746338,2.264045476913452,-0.06232333183288574,0.0
